{
    "Version": "2012-10-17",
    "Statement": [
        {
            "Effect": "Allow",
            "Action": [
                "s3:GetReplicationConfiguration",
                "s3:ListBucket",
                "s3:ListBucketMultipartUploads",
                "s3:GetBucketLocation",
                "s3:GetBucketVersioning",
                "s3:GetBucketObjectLockConfiguration",
                "s3:GetEncryptionConfiguration"
            ],
            "Resource": [
                "arn:aws:s3:::*"
            ],
            "Sid": "EnableReplicationOnBucket"
        },
        {
            "Effect": "Allow",
            "Action": [
                "s3:GetReplicationConfiguration",
                "s3:ReplicateTags",
                "s3:AbortMultipartUpload",
                "s3:GetObject",
                "s3:GetObjectVersion",
                "s3:GetObjectVersionTagging",
                "s3:PutObject",
                "s3:PutObjectRetention",
                "s3:PutBucketObjectLockConfiguration",
                "s3:PutObjectLegalHold",
                "s3:DeleteObject",
                "s3:ReplicateObject",
                "s3:ReplicateDelete"
            ],
            "Resource": [
                "arn:aws:s3:::*"
            ],
            "Sid": "EnableReplicatingDataIntoBucket"
        }
    ]
}