{
    "Version": "2012-10-17",
    "Statement": [
        {
            "Action": [
                "admin:SetBucketTarget",
                "admin:GetBucketTarget"
            ],
            "Effect": "Allow",
            "Sid": "EnableRemoteBucketConfiguration"
        },
        {
            "Effect": "Allow",
            "Action": [
                "s3:GetReplicationConfiguration",
                "s3:ListBucket",
                "s3:ListBucketMultipartUploads",
                "s3:GetBucketLocation",
                "s3:GetBucketVersioning",
                "s3:GetObjectRetention",
                "s3:GetObjectLegalHold",
                "s3:PutReplicationConfiguration"
            ],
            "Resource": [
                "arn:aws:s3:::*"
            ],
            "Sid": "EnableReplicationRuleConfiguration"
        }
    ]
}
